<?xml version="1.0"?>
<csp_whitelist xmlns:xsi="http://www.w3.org/2001/XMLSchema-instance" xsi:noNamespaceSchemaLocation="urn:magento:module:Magento_Csp:etc/csp_whitelist.xsd">
    <policies>
        <policy id="style-src">
            <values>
                <value id="googleapis" type="host">*.googleapis.com</value>
                <value id="dotmailer_cdn_dnky" type="host">cdn.dnky.co</value>
                <value id="fontawesome" type="host">*.fontawesome.com</value>
                <value id="mailchimp" type="host">*.mailchimp.com</value>
            </values>
        </policy>
        <policy id="font-src">
            <values>
                <value id="fonts_googleapis" type="host">fonts.googleapis.com</value>
                <value id="fonts_gstatic" type="host">fonts.gstatic.com</value>
                <value id="fontawesome" type="host">*.fontawesome.com</value>
            </values>
        </policy>
        <policy id="script-src">
            <values>
                <value id="scripts_google" type="host">google.com</value>
                <value id="www_scripts_google" type="host">www.google.com</value>
                <value id="scripts_gstatic" type="host">*.gstatic.com</value>
                <value id="google_tagmanager" type="host">www.googletagmanager.com</value>
                <value id="googleapis" type="host">*.googleapis.com</value>
                <value id="dotmailer_cdn_dnky" type="host">cdn.dnky.co</value>
                <value id="dotmailer_comapi" type="host">api.comapi.com</value>
                <value id="chimpstatic" type="host">chimpstatic.com</value>
                <value id="mailchimp" type="host">*.mailchimp.com</value>
                <value id="fontawesome" type="host">*.fontawesome.com</value>
                <value id="facebook-script" type="host">connect.facebook.net</value>
                <value id="www_google_analytics" type="host">www.google-analytics.com</value>
            </values>
        </policy>
        <policy id="frame-src">
            <values>
                <value id="dotmailer_cdn_dnky" type="host">cdn.dnky.co</value>
                <value id="youtube" type="host">youtube.com</value>
                <value id="www_youtube" type="host">www.youtube.com</value>
                <value id="google" type="host">*.google.com</value>
                <value id="facebook-frame" type="host">www.facebook.com</value>
            </values>
        </policy>
        <policy id="img-src">
            <values>
                <value id="google_com" type="host">www.google.com</value>
                <value id="data" type="host">data:</value>
                <value id="googleapis" type="host">*.googleapis.com</value>
                <value id="gstatic" type="host">*.gstatic.com</value>
                <value id="www_googletagmanager_com" type="host">www.googletagmanager.com</value>
                <value id="googletagmanager_com" type="host">googletagmanager.com</value>
                <value id="gallery_mailchimp_com" type="host">gallery.mailchimp.com</value>
                <value id="facebook-img" type="host">www.facebook.com</value>
                <value id="magentocommerce" type="host">widgets.magentocommerce.com</value>
            </values>
        </policy>
        <policy id="connect-src">
            <values>
                <value id="dotmailer_comapi" type="host">api.comapi.com</value>
                <value id="google_analytics" type="host">google-analytics.com</value>
                <value id="www_google_analytics" type="host">www.google-analytics.com</value>
                <value id="stats_g_doubleclick" type="host">stats.g.doubleclick.net</value>
            </values>
        </policy>
        <policy id="media-src">
            <values>
                <value id="data" type="host">data:</value>
            </values>
        </policy>
        <policy id="form-action">
            <values>
                <value id="facebook-form" type="host">www.facebook.com</value>
            </values>
        </policy>
    </policies>
</csp_whitelist>
